RollNumber,Name,English,Math,Science,S.S.T
1,Yvette Purkess,21,40,64,96
2,Rossy Mocker,58,26,19,49
3,Sylas Gallaccio,31,95,59,24
4,Gerta Cancellieri,59,58,48,55
5,Lewes Cawdron,59,41,20,65
6,Patrizia Eastman,1,90,81,94
7,Joyann Hully,92,30,68,1
8,Clevie Giamitti,71,39,64,10
9,Kelci Giacopello,67,28,70,41
10,Vicki Gayther,69,74,65,59
11,Veronika Dunks,48,22,84,0
12,Celia Habershaw,60,88,75,84
13,Bellanca Meins,4,58,69,44
14,Celestine Harber,65,14,63,19
15,Lissy Durrell,90,52,30,31
16,Darcie McAnulty,9,10,80,12
17,Washington Beggini,18,81,60,86
18,Tessa Capineer,90,95,35,82
19,Gladys Truckell,95,7,92,95
20,Linn Dugood,17,55,89,50
21,Olivette Greetham,55,99,10,89
22,Ethan Pittam,55,62,15,93
23,Eolanda Rattry,30,43,78,26
24,Faun Oxbrow,15,55,0,88
25,Randi Mathew,83,47,56,91
26,Berta Louthe,15,0,59,41
27,Morse Shreeves,53,92,47,81
28,Clerissa Wrigley,95,19,34,68
29,Reamonn Archbold,86,85,98,39
30,Theobald McLleese,35,51,63,87
31,Willabella Neasham,87,38,100,88
32,Maurene Crispin,98,43,23,10
33,Bat Pee,65,93,86,42
34,Felecia Mendez,76,92,12,53
35,Jacky Columbine,2,59,60,12
36,Eleanore Sweeney,37,28,85,39
37,Clevie Wallman,91,25,53,27
38,Grantley Bonhome,15,23,14,50
39,Yoko Roloff,20,94,0,40
40,Terrill Lodin,26,37,54,57
41,Tony Prudham,29,82,99,95
42,Luis Chaplyn,82,6,38,81
43,Peggi Baggarley,58,1,61,14
44,Mala St. John,71,95,69,72
45,Pyotr Maplesden,72,19,27,56
46,Brit Scones,74,3,70,64
47,Hedy Gollard,18,90,21,8
48,Maria Kuhne,27,42,35,31
49,Phylys Hanselmann,61,29,4,55
50,Caz Clother,98,78,86,9
51,Aubert Ravelus,78,100,27,37
52,Agathe Fyfield,26,54,69,61
53,Corrie Soutter,70,41,5,28
54,Nettie Huc,22,64,3,42
55,Ermengarde Spain-Gower,35,73,86,28
56,Roby Goodlad,80,23,78,44
57,Hallie Jarrad,80,12,1,76
58,Valerie Driscoll,19,98,46,77
59,Malissia Hindge,78,54,81,92
60,Giraldo Bolger,79,60,64,64
61,Millie Schustl,31,67,62,44
62,Javier Stobie,54,21,39,2
63,Lilllie Hamor,52,70,46,56
64,Jodi Icke,1,51,58,54
65,Beverie Backes,83,85,48,22
66,Herbie Wroth,67,17,44,64
67,Kellen Kenen,92,33,26,30
68,Alvera Hellwing,59,19,42,60
69,Rolland Treweela,38,45,66,11
70,Isacco Cline,21,80,8,28
71,Ingrim Thorsen,43,4,54,30
72,Lucia Reynish,93,21,87,48
73,Josiah Daymond,36,68,1,42
74,Austen Rogeon,54,59,76,82
75,Adams Peggs,68,27,74,66
76,Kore Staynes,100,43,11,65
77,Emile Kleis,37,36,2,7
78,Riane Larvin,88,14,97,93
79,Clerissa Hillam,93,94,2,91
80,Roscoe Farres,84,41,17,61
81,Jeffry Longea,85,93,59,95
82,Alonzo Kruger,1,86,56,25
83,Bondon Ronisch,84,79,86,67
84,Brad Churn,39,40,67,78
85,Gavra Biesty,27,79,35,1
86,Matt Orable,62,48,85,98
87,Ariela Bushnell,19,71,46,70
88,Carolina Kilpatrick,60,88,78,7
89,Dora Brissard,6,37,62,12
90,Kara Sent,53,53,15,16
91,Kylie Hendonson,89,43,84,72
92,Adolf Antoinet,54,11,75,92
93,Betteanne Haxbie,74,60,16,83
94,Helen Wessell,82,98,98,0
95,Florry McWaters,0,42,54,37
96,Curry Cuseick,55,23,67,5
97,Valentine Service,67,61,51,24
98,Cross Rawlyns,10,8,80,51
99,Norby Temple,73,59,6,53
100,Eachelle Calven,86,15,57,18
101,Neale De Francesco,24,53,50,55
102,Genevieve Le Count,80,88,12,28
103,Angil Fishbie,21,55,44,64
104,Shem Lafont,47,72,23,99
105,Cordie Nicklin,86,30,18,4
106,Seth Glendza,72,51,8,11
107,Gerianne Paireman,97,15,87,44
108,Henrie Mifflin,18,51,83,51
109,Floris McPeice,86,50,22,11
110,Hermie Batecok,53,15,9,27
111,Drona Daunter,7,36,98,71
112,Griffith Tremberth,94,1,49,65
113,Aleta Thoresby,72,22,61,7
114,Barbee Wenman,2,55,73,96
115,Lind McCulloch,45,15,1,96
116,Gannie Cream,47,4,73,21
117,Taite Gerardeaux,36,43,5,83
118,Clifford Pringour,77,13,16,75
119,Margery Bater,97,85,62,98
120,Kimmi Cocher,18,26,63,4
121,Blakeley Marusic,90,67,99,28
122,Krista Tobias,23,21,74,66
123,Cleon Aylward,18,12,47,14
124,Evonne Fassum,100,16,31,7
125,Katusha Rheubottom,55,88,5,38
126,Enriqueta Krugmann,38,67,74,22
127,Hedwig Ledner,77,26,33,46
128,Devonna Youngman,42,33,48,47
129,Tommy Tow,41,76,85,22
130,Deva Kernaghan,18,94,31,69
131,Arch Passby,85,73,38,15
132,Abramo Wyrall,35,92,46,47
133,Langston Yerill,85,61,2,61
134,Gael Mateiko,5,7,19,53
135,Mia Tangye,68,52,68,77
136,Halette Handrok,100,81,51,43
137,Karry Fynes,81,32,99,63
138,Celle Menaul,55,61,59,30
139,Rhody Cunio,87,96,61,28
140,Bryce Bayliss,23,70,64,39
141,Maddy Fevers,71,75,83,82
142,Claudian Benoy,89,31,64,96
143,Agatha Baert,83,31,66,26
144,Pyotr Branton,20,37,33,82
145,Shari Canada,77,9,3,39
146,Mirabelle Sweetman,84,100,24,53
147,Stephenie Tremayle,9,95,2,45
148,Virginie Spyer,49,23,59,56
149,Shir Josephy,1,100,42,76
150,Tadeas Bartrap,51,0,84,37
151,Genny Tatteshall,39,76,97,13
152,Sandy Lube,63,94,12,64
153,Barde Tokell,64,27,90,31
154,Mart Jaqueminet,49,98,68,78
155,Mickey Kelly,91,52,55,97
156,Aprilette Rowsell,77,49,93,4
157,Zebulen Isakowicz,32,47,76,56
158,Rosy Babin,63,78,52,59
159,Mandel Kimmitt,96,93,5,80
160,Meade McKnockiter,83,27,38,89
161,Katy Schaben,23,54,8,34
162,Mace Baglin,74,5,52,42
163,Christophorus Mocker,34,68,72,93
164,Toby Baversor,92,2,12,96
165,Consolata Gymlett,98,71,53,27
166,Angela Acres,57,66,1,48
167,Catrina Ireson,33,1,72,13
168,Leroy Saterweyte,76,23,98,16
169,Darrelle Biggen,66,86,0,82
170,Brewster Andries,97,93,8,24
171,Dee dee Crus,11,32,3,41
172,Trudey Gilsthorpe,79,56,63,83
173,Lilith Nolin,36,38,24,86
174,Nike Pococke,82,31,35,82
175,Jane Cuttelar,49,32,40,79
176,Frazier Blann,44,53,99,18
177,Darb Edgecombe,3,74,42,43
178,Barnabe Van Baaren,31,51,50,91
179,Dale Albion,34,7,53,69
180,Audy Duro,95,52,21,97
181,Kaine Epdell,6,44,53,92
182,Cecily Krolle,63,19,9,15
183,Norbie Magarrell,90,24,21,83
184,Giacobo Spawell,42,4,71,58
185,Emmi Yakolev,2,68,45,96
186,Kania Leale,17,63,98,98
187,Kasper Borlease,72,51,95,95
188,Eleen Dufore,2,95,17,91
189,Ashia Vany,85,28,95,30
190,Carroll Goolden,86,25,32,80
191,Oliviero Ruddiman,3,11,35,25
192,Huey Retchless,54,33,80,11
193,Adel Rockell,5,50,40,52
194,Moina Tarling,48,93,78,70
195,Bernelle Trippitt,14,98,72,71
196,Riordan Galbraith,67,74,27,25
197,Vale Moreland,74,21,13,69
198,Belia Paule,47,14,79,73
199,Modestine Staunton,24,93,1,91
200,Juliann Bodley,62,24,95,84
201,Ericka Breckwell,77,44,43,18
202,Kizzie Knatt,33,0,74,56
203,Terrill De Gogay,28,88,6,73
204,Jocelin Geroldo,9,99,69,76
205,Barnard Cardenas,0,80,7,67
206,Emogene Mabbutt,46,33,3,48
207,Xever Natt,68,46,54,99
208,Dewitt Thackham,44,58,18,21
209,Lin Columbell,35,28,97,31
210,Waite Sighard,11,99,96,63
211,Marieann Pilmore,92,51,19,11
212,Leeland Edis,47,80,91,60
213,Lorrayne Kick,30,1,58,33
214,Pippo Tudball,42,28,73,33
215,Tanny Fehner,52,73,30,38
216,Ally Bett,7,38,8,93
217,Albert Jakov,36,97,73,24
218,Cyrillus Bicknell,70,93,88,15
219,Cosimo Germann,33,37,44,98
220,Tanney Feather,93,70,13,91
221,Derward Gerrels,32,45,78,2
222,Evelyn Dunstone,72,22,44,66
223,Jeni Dodgshun,37,40,96,21
224,Haze Stoner,13,33,69,71
225,Julee Fiennes,68,53,90,45
226,Tobiah Dray,60,98,89,44
227,Sheryl Kerr,33,62,92,65
228,Alick Mosedill,46,47,64,40
229,Meg Connachan,39,95,63,17
230,Ofilia Attenbarrow,65,1,29,19
231,Bambie Rustadge,75,69,38,94
232,Lyssa Hartwright,36,39,29,7
233,Jessie Pipet,6,78,96,4
234,Marlane Agronski,82,47,26,85
235,Oralle Wavell,100,96,69,73
236,Kristine Eagar,95,54,23,86
237,Stevy Goroni,49,19,51,73
238,Kellia Lombard,68,19,52,99
239,Angeli Mullins,49,71,71,59
240,Sheeree Nannoni,51,96,22,84
241,Rockwell Schoenleiter,10,24,52,21
242,Joshia Summersby,100,73,3,35
243,Jaimie Dunderdale,39,29,22,53
244,Millie Rackley,70,88,47,65
245,Kathlin Doohey,67,88,83,26
246,Wilona Tosdevin,33,32,14,8
247,Renate Woodes,50,62,62,13
248,Cosimo Swynley,48,11,63,11
249,Tony Goldberg,2,89,62,23
250,Rufe Cottesford,32,42,17,50
251,Harwilll Harmston,82,55,32,47
252,Frank Kielty,99,88,58,41
253,Wells Milillo,52,68,27,79
254,Nicole Byham,69,20,70,54
255,Honor Micheau,1,87,36,77
256,Alidia Gorusso,86,70,85,79
257,Jemmy Sergeaunt,91,32,61,78
258,Davidde Gorse,79,6,91,14
259,Margit Sketcher,80,59,31,89
260,Atlanta Butterick,11,45,88,30
261,Anabella Tremathick,20,39,37,10
262,Eliot Silkston,7,7,22,19
263,Eba Trouncer,78,52,37,63
264,Jean Lomasny,38,83,73,95
265,Lilyan Lopez,38,20,29,43
266,Wittie Gladman,1,24,30,57
267,Stevena Martinets,78,83,89,42
268,Hayden Ivantsov,53,92,62,48
269,Chadwick Heersema,67,26,56,74
270,Vilhelmina Kirrage,50,49,94,78
271,Edwina Tym,65,6,48,70
272,Christiano Kinton,56,28,57,83
273,Creight Jedrys,91,90,84,26
274,Clarissa Demsey,9,25,20,62
275,Harriott Del Dello,1,98,34,7
276,Eugenie Hoyt,8,80,76,0
277,Ignacio Atyea,22,62,13,56
278,Deeann Antonsson,35,66,89,25
279,Hewett Schulter,44,6,85,99
280,Hedda Edelmann,67,60,97,65
281,Elroy Glawsop,0,16,31,75
282,Barbabra De Pero,17,64,24,98
283,Bobbie Burkinshaw,80,97,57,33
284,Sharl Bearcroft,86,10,97,4
285,Bord Coleson,16,20,12,68
286,Neile Hambling,83,81,73,83
287,Walden Mayhow,68,56,77,53
288,Ludovika Moulden,51,37,97,72
289,Maurine Gunny,66,76,51,66
290,Brigitta Bodesson,54,27,32,61
291,Jenni Silliman,45,58,35,77
292,Leonerd Woolis,43,94,77,5
293,Derek Bowstead,18,49,74,5
294,Elora Harper,77,59,55,50
295,Douglass Brownbill,85,88,5,36
296,Janith Andrault,32,36,88,52
297,Annissa Laborda,21,5,95,53
298,Durward Whitmore,5,56,33,85
299,Selig Herrieven,24,33,33,24
300,Rudiger Rochell,78,51,2,41
301,Kimberley Rubke,61,38,53,50
302,Kathrine Orrom,38,99,12,37
303,Darrell Labeuil,57,65,19,10
304,Lezlie Shardlow,75,44,27,0
305,Gino Shwalbe,49,95,88,14
306,Felix Wimlet,68,75,8,39
307,Elisha Covell,71,78,17,85
308,Harrie Teek,57,60,61,51
309,Kerby Imlach,50,32,71,28
310,Afton Sobtka,77,25,79,56
311,Lewes McGillicuddy,89,26,45,46
312,Orv Claypoole,23,94,87,23
313,Huntington Gimlet,49,28,47,25
314,Moses Benallack,59,79,73,25
315,Yoshi Flewin,93,88,54,69
316,Pace Colleford,77,79,87,95
317,Alvira Blair,9,49,67,60
318,Silvia Khosa,67,27,41,39
319,Mart Bein,80,86,82,90
320,Miof mela McGuff,10,97,69,43
321,Rockie Jarry,76,61,76,40
322,Rachael Snoding,54,15,79,91
323,Bard Slixby,43,23,13,25
324,Antonie Karp,4,61,51,84
325,Travis Dei,82,21,62,29
326,Ernaline Flemmich,68,94,6,60
327,Quentin MacCurley,53,55,8,97
328,Selia Popley,15,24,13,96
329,Nelson Bernaldo,64,87,16,10
330,Agneta Galbraeth,52,64,11,96
331,Eugine Shotboulte,35,77,11,60
332,Sayre Coan,51,24,84,52
333,Prudence Vickerstaff,55,51,89,3
334,Cal Bermingham,4,16,64,41
335,Burk Roycroft,11,57,67,0
336,Langston Scarborough,77,53,100,38
337,Monah Skip,41,15,76,9
338,Dallis Hartzenberg,68,24,57,46
339,Akim Harbottle,22,24,39,33
340,Mannie Greber,41,67,62,5
341,Caralie Bullcock,68,69,31,75
342,Kandy Rossoni,43,4,52,40
343,Melicent Iamittii,15,57,81,34
344,Betsy Clarkson,91,50,76,83
345,Garvey Roddell,14,13,28,44
346,Winfred Steanyng,75,49,49,44
347,Stefan Rummer,30,96,0,61
348,Zack Hasluck,94,6,89,38
349,Haley Laugheran,25,16,39,2
350,Aleen Outerbridge,58,89,59,15
351,Anet Brafield,3,22,44,36
352,Chen Lear,53,19,86,0
353,Emlynne Pendell,21,97,98,32
354,Woodrow Habbes,23,15,86,15
355,Zuzana Doulden,75,26,15,60
356,Gussie Telford,95,19,38,96
357,Hyacinthe Freire,97,66,82,73
358,Bernard Ribbon,57,15,8,12
359,Raviv Glassman,73,87,18,39
360,Lanna Nevison,72,19,61,25
361,Verge Talkington,42,0,5,56
362,Melba Smolan,43,89,49,44
363,Fedora Brandrick,83,6,87,32
364,Normand Merriment,23,70,42,80
365,Robinson Gemnett,98,52,59,26
366,Trudie Urwin,25,8,97,96
367,Olive Sherringham,82,62,12,81
368,Marty Kleisle,96,52,95,49
369,Traci Lamberto,89,13,86,82
370,Maddalena Quodling,96,82,94,51
371,Mel McQuin,60,9,91,92
372,Philippe Ambroix,89,76,22,93
373,Auguste Ende,0,93,92,66
374,Averell Slowly,47,47,8,98
375,Donnie Dat,24,44,42,59
376,Maible Mander,58,22,5,98
377,Allsun Bencher,47,86,15,51
378,Devan Pohling,85,21,10,72
379,Milton Luckin,31,76,84,71
380,Francklin Chieze,42,79,18,20
381,Andrej Rosenhaupt,51,77,20,46
382,Sammie Fick,1,24,26,4
383,Warner Dusey,86,22,82,29
384,Tobie Vittel,61,68,27,74
385,Patience Quarry,15,55,5,44
386,Hill Bunney,79,94,17,100
387,Othilia Hexum,55,5,78,41
388,Dorri Douthwaite,98,15,76,90
389,Antoinette Collumbell,98,13,80,83
390,Viola Ceely,22,8,84,52
391,Tracey Shovelton,100,79,59,32
392,Arda Baselio,73,33,30,81
393,Lindie Blumfield,42,37,54,56
394,Orran Jarlmann,27,42,32,38
395,Nari Eckert,0,27,56,77
396,Ogdon Bernhardi,62,34,6,65
397,Jolene Ibbison,73,83,29,76
398,Hallie Boys,10,15,4,77
399,Daisey O'Cahsedy,49,60,36,36
400,Hyatt McKintosh,26,40,32,59
401,Trace Coppard,57,15,68,9
402,Janine Windeatt,98,57,5,13
403,Vernice Heald,65,89,51,25
404,Idelle Meachen,0,46,73,98
405,Amery Throssell,15,52,34,51
406,Annissa de Verson,26,63,34,29
407,Willie Gudde,34,87,47,52
408,Juana Bumford,82,93,63,76
409,Rodney Bohje,97,62,14,6
410,Standford Tremellier,79,79,76,41
411,Reilly Yakob,0,36,52,75
412,Barclay Ledgister,95,29,25,72
413,Wyatt Wornum,95,22,12,59
414,Tonnie Bourthoumieux,46,87,43,28
415,Marty Edgson,32,84,16,87
416,Anders Tabour,88,12,22,80
417,Albina Ville,12,90,14,28
418,Ardra Zanotti,3,49,49,14
419,Ludovika Cotta,20,0,40,30
420,Englebert Silcocks,94,49,84,32
421,Bevvy Comley,31,41,31,71
422,Marylee Follit,50,82,7,29
423,Rahal Heighton,100,98,70,11
424,Mariette Tire,93,33,83,93
425,Lorena Oakenfull,98,33,28,24
426,Lynnell Keyzman,91,6,34,56
427,Merrily Boake,59,70,69,97
428,Otis Seville,53,79,97,46
429,Elyssa Scargill,49,10,63,44
430,Nara Wye,94,44,39,76
431,Brenn Langstaff,98,24,63,4
432,Tommie Logue,57,61,76,96
433,Cordell La Wille,67,69,63,71
434,Del McPhillips,5,87,64,88
435,Pierette Andrysek,51,42,23,0
436,Violet Carson,0,38,88,49
437,Shayla Fellon,88,89,95,63
438,Nerta Smullen,98,9,3,17
439,Miltie Castellani,31,12,44,27
440,Ardelle Morland,99,24,58,37
441,Mariel Briatt,29,73,61,38
442,Loella Grundell,71,21,97,34
443,Felicdad Gerrelts,23,44,57,20
444,Herbert O'Rudden,73,41,48,11
445,Ruthy Southey,30,12,44,54
446,Thaxter Botright,52,8,48,35
447,Enrichetta Garvey,13,93,83,88
448,Serge Desvignes,98,71,49,6
449,Kimberly Garcia,75,7,75,29
450,Collen Bogey,20,88,13,23
451,Madlin Easey,10,23,78,48
452,Claudio Gumbley,40,49,30,24
453,Faulkner Parkyns,58,92,72,31
454,Andrea Akerman,34,64,92,96
455,Cornell Grigorkin,31,20,36,40
456,Nicholas Calcott,19,5,83,61
457,Ruthanne Clifft,41,87,1,59
458,Orton Brayshaw,1,73,7,24
459,Biddy Bockh,79,24,37,93
460,Leeann Whiskerd,98,53,36,42
461,Dasi Thorne,15,88,50,2
462,Amitie Laroux,22,50,17,47
463,Mellie Brushneen,87,10,19,10
464,Chilton Whyke,54,13,58,53
465,Gwenny Kedie,15,25,82,75
466,Hillyer Greenrde,54,32,57,13
467,Beryl Dobble,72,85,42,29
468,Matias Wile,24,50,52,9
469,Betteanne Juden,34,1,38,78
470,Issiah Tallquist,80,41,32,21
471,Ferguson Karlicek,90,27,65,96
472,Fredelia Jirus,76,46,47,28
473,Edie Shaul,48,29,33,29
474,Humberto Dahlen,38,49,71,51
475,Valdemar Gayther,40,94,84,4
476,Emelyne Binley,96,45,57,94
477,Teressa Demangel,85,90,93,85
478,Stanfield Curedale,41,41,29,50
479,Rossie Glenfield,56,89,16,41
480,Pieter Ethridge,53,73,12,48
481,Cris Shelp,54,14,94,40
482,Juieta Inchboard,29,8,6,39
483,Tobit Passey,38,36,84,91
484,Selia Crew,71,42,65,85
485,Griffin Ganiclef,19,85,44,65
486,Electra Essberger,9,5,0,75
487,Dominga Girkin,42,44,85,81
488,Ruby Sigfrid,20,2,7,94
489,Babara Lamberteschi,45,28,62,79
490,Jacqui Martinho,48,85,53,10
491,Gwyneth Archibald,100,79,47,90
492,Lane Woollaston,61,26,75,10
493,Winifred Tytterton,6,8,31,78
494,Seward Lackney,34,50,41,32
495,Gavra Standidge,37,27,98,91
496,Marylinda Sillitoe,89,65,45,65
497,Dar Ungerechts,95,71,68,44
498,Shandy Nelthorpe,69,41,58,56
499,Prudence Paragreen,39,92,81,79
500,Cordey Hartzenberg,52,19,80,93
501,Minna Lidgley,53,38,31,98
502,Cullan Tompkinson,80,27,31,73
503,Bidget Meert,1,92,49,22
504,Amata Pedycan,92,7,58,47
505,Mead Langlois,35,2,67,38
506,Estel Connelly,84,17,61,62
507,Dallis O'Dare,31,39,9,47
508,Aggie Mahaddie,85,50,41,62
509,Conn Symms,7,86,4,2
510,Cloe Khomishin,42,32,68,29
511,Vyky Richly,93,93,96,24
512,Raffaello Stollenhof,12,3,32,17
513,Lamond Capun,95,33,1,94
514,Redd Bartosiak,97,43,54,80
515,Hervey Larking,48,2,44,83
516,Wells Gasparro,86,6,11,76
517,Parnell Larkins,95,40,7,50
518,Benedicto Rasher,58,21,21,42
519,Lucy Castleton,96,83,96,81
520,Meredithe Cardoo,17,50,31,75
521,Glennie Garner,8,62,3,88
522,Ellary Swinburn,69,28,34,44
523,Theodoric Palister,77,1,16,34
524,Cullen Adamsson,69,25,68,11
525,Callean McGuirk,38,94,57,5
526,Benoite Pedlar,96,33,90,62
527,Alwyn Klosges,47,63,30,0
528,Mortimer De Pietri,0,20,7,67
529,Susi Cammish,96,85,19,93
530,Brandais Abramcik,35,14,40,58
531,Chic McNysche,34,50,11,6
532,Briana Bryson,37,54,66,91
533,Torrin Abotson,41,64,84,26
534,Alyson Paolotto,98,68,88,97
535,Donelle Feary,86,82,19,94
536,Lauren Benninck,37,20,46,56
537,Sayer Grabban,55,93,21,96
538,George Casely,22,55,38,27
539,Genna Shields,2,90,23,45
540,Ilka Meins,38,32,19,99
541,Estevan Grieg,26,74,84,63
542,Jere Gammill,61,35,82,20
543,Marjorie Andreazzi,95,28,87,94
544,Clifford Weinberg,91,12,86,71
545,Morrie Elia,100,96,88,93
546,Marlyn Kensington,53,46,67,21
547,Lucky Liger,80,61,81,10
548,Cleveland Dumbar,77,38,12,16
549,Mercie Beadnall,85,13,99,15
550,Matt Boutellier,57,47,10,78
551,Terrell Cordeix,46,75,84,99
552,Allistir Dilland,78,55,80,39
553,Elisabetta Leeson,27,24,84,97
554,Antonina Rastall,90,9,35,33
555,Augustin Petricek,68,49,46,61
556,Prudy Eidelman,72,19,73,31
557,Buddie Ibbeson,37,24,75,42
558,Tripp Sowersby,0,19,36,69
559,Ilyssa Brabbs,75,90,64,46
560,Cassondra Lynes,63,61,42,88
561,Fabe Fetherstan,59,79,36,23
562,Mureil Kernan,83,35,62,55
563,Charlena Ferreli,93,4,98,48
564,Manon Deverille,99,97,7,29
565,Kasey Clelland,87,19,6,99
566,Rahal Hallut,93,93,97,46
567,Crawford Barrim,47,7,66,74
568,Connie Gorey,8,29,87,4
569,Franni Colpus,58,21,84,9
570,Berta Wayne,19,28,24,88
571,Ad Barkly,22,21,61,9
572,Cathrine Guerrero,44,9,69,38
573,Aubrey Pionter,84,86,6,15
574,Gregory Dashkov,23,18,91,37
575,Arleen Kellet,72,58,71,97
576,Bradly Pavlenkov,74,95,67,77
577,Cornelia Tennant,73,50,24,57
578,Claudie Luipold,13,28,13,36
579,Hadlee Smalridge,49,43,1,32
580,Ebonee Conew,98,96,51,94
581,Florencia Cruickshank,47,81,55,3
582,Claiborn Kitcherside,4,28,26,9
583,Chane Akeherst,65,39,15,56
584,Ed Gercken,29,48,37,2
585,Manda L'Hommee,99,27,92,59
586,Reese Woolfall,80,4,100,94
587,Kevon Udale,3,4,17,81
588,Moritz Petrenko,76,7,53,59
589,Leigh Becks,93,75,14,80
590,Danell Prall,5,3,75,18
591,Kelsi Sturmey,87,64,55,52
592,Sharyl Gowry,82,55,95,15
593,Hugh Haycroft,50,22,59,29
594,Rolf Arnaudin,41,99,40,24
595,Meade Spick,57,49,45,93
596,Irena Lawes,67,96,60,19
597,Madalena Bricket,0,86,33,92
598,Tully Holyard,17,1,57,95
599,Minor Woliter,96,48,0,80
600,Seumas Hugett,34,95,17,43
601,Gertrud Aindriu,99,95,12,14
602,Nester St Louis,37,63,30,98
603,Noreen Lamblin,47,47,63,24
604,Maryjo Tirrey,92,21,65,75
605,Ricard Aindriu,52,72,45,19
606,Jon Streatley,1,78,42,20
607,Linn Proudley,61,60,9,72
608,Hannis Jacketts,87,19,36,67
609,Amii Habercham,37,3,85,33
610,Darby Lacheze,33,74,45,84
611,Robinette Steptow,36,71,28,96
612,Corina Burker,86,13,88,80
613,Pepita Whittingham,20,36,20,49
614,Adina Prandini,33,66,35,58
615,Aldon Ambroz,85,49,96,61
616,Wenona Wilmington,93,96,57,97
617,Kirbie Rudwell,1,82,61,0
618,Dena Camillo,16,99,11,78
619,Papagena Raycroft,69,70,70,92
620,Antoine Heaffey,97,33,39,94
621,Bradan Brick,97,38,17,69
622,Robert Chalk,56,99,20,6
623,Kelsey Egarr,38,29,64,87
624,Maurie Robottom,1,26,50,65
625,Georges Tookey,51,66,22,50
626,Sibeal Keeri,6,34,48,66
627,Ezri Rideout,15,15,10,78
628,Corena Willgoose,24,57,70,5
629,Merilee Bunney,26,72,48,70
630,Cammy Boecke,8,88,84,72
631,Perrine O'Hingerty,99,22,16,81
632,Erinn Stell,37,92,5,88
633,Nike Canas,42,54,65,27
634,Ebeneser Brittle,24,2,72,76
635,Dorisa Pues,22,6,33,68
636,Joelle Boshard,28,58,61,8
637,Frazer Shury,12,37,76,51
638,Nanete Burge,47,100,42,7
639,Allin Tevlin,2,20,6,28
640,Melissa Cucuzza,76,66,6,24
641,Jacquie Waddie,63,68,45,37
642,Chelsea Clarridge,36,25,11,41
643,Allistir Lantuffe,5,37,49,16
644,Gordon Sancroft,83,98,25,41
645,Jory Mulvihill,90,6,91,85
646,Angie Noni,42,19,2,77
647,Rancell Songer,99,50,12,88
648,Flossi Greenslade,11,49,58,48
649,Tina Daish,78,32,41,2
650,Alfie Kopec,34,75,100,79
651,Addie Strafen,98,6,54,14
652,Urban Di Gregorio,51,75,85,29
653,Althea Leask,69,67,90,34
654,Fraser Ducarne,88,7,76,80
655,Jacklyn Vayne,87,93,92,12
656,Christina Abdon,78,66,91,41
657,Xever Abriani,58,96,81,53
658,Bil Blaydes,42,32,95,72
659,Ardyce Casari,19,81,71,45
660,Huntington Hanmer,21,79,43,54
661,Bonnee Dan,20,28,30,81
662,Clerissa Annatt,28,36,27,68
663,Nani Collar,36,69,20,0
664,Ingelbert Cestard,87,29,75,73
665,Mervin Gerred,9,61,77,53
666,Riki Mustard,79,5,100,20
667,Dyan Hightown,25,99,69,34
668,Isabeau Withers,55,61,16,43
669,Brenna Murcott,70,21,17,22
670,Laura Ockendon,81,23,89,32
671,Anatollo Wederell,79,35,57,35
672,Dallon Nolleau,44,70,40,91
673,Zeke Tidman,33,61,73,92
674,Koressa Novello,28,2,39,64
675,Kikelia Crone,36,47,90,75
676,Lombard Papez,28,86,25,16
677,Matthaeus Wallworke,90,62,13,14
678,Shaylyn Surgood,55,37,58,79
679,Clarinda McLarty,22,62,24,63
680,Alyss Jikylls,86,27,61,74
681,Maude Littlefield,7,17,32,57
682,Sanson Coupman,99,29,55,70
683,Boonie Kennally,77,69,62,28
684,Vonny Siemianowicz,97,2,43,28
685,Kitty Biset,79,44,42,41
686,Humfrey Rodenborch,97,24,91,47
687,Zedekiah Tulk,6,8,51,93
688,Rhodia Jersh,38,20,39,89
689,Alonso Riepl,41,4,56,1
690,Gretel Hambelton,26,3,79,40
691,Harley Maffucci,93,51,95,93
692,Avrom Krzysztofiak,0,29,84,72
693,Bjorn Joerning,54,73,12,60
694,Connie Valadez,75,92,35,34
695,Thoma Ipgrave,58,39,68,96
696,Midge Dyers,54,27,83,15
697,Dalli Mc Carrick,14,65,47,28
698,Ingram Poundsford,91,92,48,100
699,Elane Gabites,34,18,43,10
700,Filip McBryde,23,43,35,6
701,Cairistiona Scherme,62,43,70,74
702,Demetre Killelay,24,69,40,83
703,Lester Buist,50,7,98,42
704,Gertrud Gerrie,13,24,26,86
705,Merissa Maydway,42,44,42,74
706,Goldi Sorrill,36,18,41,5
707,Ardys Benka,38,37,28,90
708,Fredek Gergler,12,56,40,61
709,Gage Juanico,54,51,89,32
710,Dyanne Bottrill,46,43,82,56
711,Antonella O'Mahoney,95,29,60,97
712,Genevieve Droghan,62,71,1,70
713,Sarita Vynall,27,52,78,52
714,Virginia Tregonna,20,77,2,37
715,Xever Bilby,34,83,53,63
716,Arabele Winfindine,14,44,70,18
717,Norean Fiorentino,69,2,21,13
718,Christye Kundt,20,85,40,15
719,Henri Sawday,72,62,76,3
720,Zaneta Weippert,89,16,34,29
721,Arvin Powis,18,5,49,30
722,Germaine Kendall,24,62,8,41
723,Skell Louden,19,57,94,87
724,Ceil Grayston,28,93,98,24
725,Pavia Reford,31,78,5,9
726,Charmian Maylard,90,51,13,88
727,Olly Ruddle,70,54,23,64
728,Shepperd Attenbrough,56,5,16,91
729,Jephthah Cowdery,12,96,40,86
730,Kanya Didball,50,75,54,1
731,Bernetta Danet,76,100,7,4
732,Raimund McMeeking,20,46,100,75
733,Aeriell Dumsday,28,15,16,73
734,Karon Biddles,42,27,29,15
735,Alfonso MacCallister,47,37,26,91
736,Grier Piesing,21,36,92,41
737,Willi des Remedios,23,79,72,53
738,Andriana Skeermor,25,88,99,58
739,Myrah Giorgielli,51,27,80,44
740,Jenine Rough,27,83,36,21
741,Mahalia Cleaver,48,55,39,67
742,Kary Shrive,33,36,30,19
743,Fredia McFaul,88,33,75,46
744,Hamlin Hupe,13,48,53,56
745,Chick Belhome,73,69,0,98
746,Cordy Paule,44,34,63,83
747,Nichole Grishanov,90,40,36,43
748,Cesar Growy,74,74,50,42
749,Jessika Phlippi,3,10,69,59
750,Ferdinand Starmont,39,55,22,58
751,Jarad Cullivan,47,0,54,73
752,Lilith Skillicorn,46,72,87,43
753,Marita Chong,58,67,99,57
754,Rhiamon Cordova,81,57,93,67
755,Kirby Aldin,6,79,55,38
756,Prent Haizelden,96,61,27,8
757,Barbey Mecchi,32,57,37,19
758,Jolyn McGooch,9,57,71,77
759,Bron Ridder,45,68,3,20
760,Peria Hilhouse,80,99,1,77
761,Aguistin Chichgar,52,34,81,100
762,Far Hindhaugh,20,96,87,2
763,Kirby Crouse,59,35,63,16
764,Deena Gouda,12,14,5,46
765,Gabriella Arnley,84,56,86,65
766,Laryssa Sparshett,14,49,19,29
767,Oren Weiner,79,83,55,31
768,Annmaria Bruyns,54,71,28,89
769,Osborn Lampaert,35,94,52,89
770,Darren Mordon,41,97,3,58
771,Cathlene Harbison,68,69,64,38
772,Daune Vedenyapin,15,40,40,93
773,Janice Mathes,21,14,48,50
774,Giovanni Caiger,51,71,16,2
775,Melany Seeger,52,35,40,71
776,Giustino Buckell,37,21,47,77
777,Jeffry Hunnable,27,30,71,29
778,Mara Crowest,52,30,26,3
779,Rica Ipplett,32,62,31,95
780,Jaynell Itzchaky,31,49,75,85
781,Everett Linneman,25,75,1,47
782,Wilhelmina Gerhardt,45,94,60,18
783,Gertruda Bradlaugh,16,38,62,6
784,Vladamir Shakesby,33,24,49,71
785,Ellwood Lagde,2,90,63,41
786,Stafani Chance,59,99,63,90
787,Findley Waud,63,99,5,59
788,Fritz Riccio,82,43,49,18
789,Myra Radish,53,100,60,6
790,Bernadine Sutcliff,46,4,13,19
791,Sabra Haime,30,27,89,29
792,Etty Franca,41,47,1,74
793,Gray Mollnar,97,62,4,21
794,Bobinette Heinschke,60,83,25,52
795,Michaeline Ricardon,4,2,59,94
796,Guntar Dunk,93,88,92,81
797,Emery Lumsdall,11,94,7,85
798,Robin Swinn,48,42,52,91
799,Wallie Orrow,27,34,55,31
800,Salomo Gissing,76,3,54,66
801,Jacques Le Provost,64,67,87,90
802,Garvin Maestro,94,97,0,49
803,Archy Rubrow,34,1,47,83
804,Basil Allsobrook,75,23,3,25
805,Blinnie Gerritsma,78,29,62,83
806,Kyla Skedgell,87,71,22,72
807,Joelle Normandale,32,55,80,67
808,Forrester Clitheroe,5,34,6,51
809,Davina Tomek,94,39,72,96
810,Wake Gresly,37,53,90,36
811,Tara Hair,38,17,32,90
812,Holly-anne Baguley,24,7,45,97
813,Tammy Canelas,97,28,89,76
814,Joellyn Mille,68,44,26,93
815,Donavon Pagitt,3,61,69,42
816,Nomi Le Grys,23,69,88,45
817,Cirilo Birchett,37,58,17,11
818,Elinor Glassford,92,77,41,97
819,Vanda MacShirrie,70,14,2,51
820,Katerina Casillas,31,52,34,27
821,Madeline Gaylor,25,76,65,15
822,Tanny Benda,88,78,27,80
823,Eustace Schiesterl,17,52,56,29
824,Cordy Fiddler,90,77,34,75
825,Dulsea Inglesant,77,15,14,46
826,Walton Sandry,97,63,64,18
827,Milena Littlepage,100,56,54,93
828,Constantina Lucio,17,73,66,68
829,Allayne Larkin,85,46,2,41
830,Hobie Dauby,32,8,31,35
831,Shelton Ord,2,82,3,42
832,Galen Pellamont,65,80,84,54
833,Ally Bottrill,40,75,0,13
834,Millard Scolding,32,75,13,44
835,Augustina Blinde,3,35,84,29
836,Dalton MacConnechie,37,54,93,69
837,Alane Fairlem,29,28,42,83
838,Vivian Stichel,60,82,38,40
839,Maureene Riddler,75,94,37,88
840,Kimberley Hurl,25,80,30,13
841,Cross Paulton,61,93,99,80
842,Blondelle Borton,60,56,40,16
843,Zeb Birnie,99,62,37,66
844,Hedwiga Klementz,22,65,95,62
845,Kirsti Palphramand,22,69,5,59
846,Thorin Wulfinger,39,57,29,19
847,Rab Peppard,0,100,25,11
848,Marie-jeanne Heatlie,84,73,4,41
849,Birk Merriott,29,36,29,58
850,Martelle Kenworthey,65,82,57,38
851,Gil Lerer,61,48,27,50
852,Jeralee Pothergill,35,43,34,33
853,Mei Aronson,89,0,82,10
854,Walden Danilovic,26,83,63,81
855,Cordelia Northway,59,1,28,15
856,Bram Castagnier,27,64,37,20
857,Louie Streets,86,58,53,16
858,Simeon Corrao,37,80,18,86
859,Therine Matresse,29,29,53,93
860,Kaela Hincks,36,44,21,57
861,Harwilll Knell,35,91,54,33
862,Carlen Portinari,97,42,2,99
863,Mallissa Dilks,75,16,94,57
864,Adele Fuente,37,78,94,67
865,Daniella Askew,11,44,3,24
866,Emlyn Bartlomiej,93,57,63,83
867,Adham Corringham,39,99,94,58
868,Gilli Maccaddie,29,18,3,29
869,Melvin Dyson,35,2,31,36
870,Sapphira Kendal,5,5,10,2
871,Kendell Findlay,97,59,31,67
872,Aurel Creeghan,86,57,32,63
873,Abel Ainslie,92,26,30,80
874,Erie Nucci,50,45,43,88
875,Aurlie Chew,91,41,78,19
876,Adora Adamson,30,99,37,28
877,Donny Bryning,29,64,69,85
878,Tessie O'Heaney,53,94,62,100
879,Carmelina Andrioni,59,95,70,30
880,Paco Francioli,91,49,72,76
881,Constantine Caban,1,26,98,77
882,Gaylene Zanneli,91,86,90,81
883,Maryann Marran,39,75,45,95
884,Ann-marie Burkert,83,44,5,74
885,Mignon Filipic,73,93,7,96
886,Luella Baswall,83,1,93,77
887,Agathe O'Mannion,15,56,66,72
888,Ulric Rubinowitz,62,64,81,18
889,Rosalyn Hiseman,27,90,69,38
890,Arielle Hovey,31,14,84,59
891,Dar Lindeberg,92,98,37,73
892,Flem Edgar,50,17,71,10
893,Mack Pellamont,42,33,68,54
894,Roshelle Krause,89,1,75,82
895,Hersh Hogbin,34,42,60,87
896,Brigid Robarts,56,94,47,29
897,Gusty Devereux,44,60,30,49
898,Winfield Gerardi,63,1,55,14
899,Ruggiero Primo,96,26,36,84
900,West Bointon,60,59,61,25
901,Shurwood Shelvey,95,27,30,5
902,Danny Cuberley,29,89,35,97
903,Paula Jasper,70,27,41,3
904,Eleni Borzoni,70,63,23,89
905,Frieda Fernandes,38,46,32,94
906,Maitilde Millwall,25,28,7,79
907,Lisette Guiton,38,81,14,40
908,Modestia Caruth,22,62,88,55
909,Julienne Jerams,58,92,25,38
910,Quint Gunderson,54,5,35,33
911,Uriel McHaffy,30,35,56,14
912,Hildy Cowie,64,27,1,81
913,Eben Szymanowski,26,98,22,43
914,Obed Letherbury,59,66,76,53
915,Cissy Bellis,37,94,19,13
916,Juline Cheyney,43,11,59,75
917,Mahmoud Eaglestone,100,37,21,33
918,Storm Morad,25,100,32,24
919,Sibylle Pittock,40,0,43,23
920,Lanie MacAulay,99,44,34,85
921,Lynda Keavy,77,98,82,3
922,Giana Bagguley,3,27,2,54
923,Smith Hanson,40,48,92,26
924,Nerte Bramont,99,10,25,70
925,Jorrie Eam,100,9,83,76
926,Cyndia Girtin,28,38,27,6
927,Gavrielle Hiom,71,63,60,60
928,Tabbatha Bryer,61,91,17,82
929,Courtenay Leaton,67,84,81,13
930,Maryanne Meighan,19,76,83,21
931,Cynthia Huitt,76,80,31,97
932,Hillyer Djordjevic,73,23,6,57
933,Farah Martignon,30,20,32,18
934,Glennie Loughlan,80,65,20,30
935,Nessi Muck,66,10,21,47
936,Reid Durbin,42,2,67,61
937,Raimund Humphries,45,80,38,92
938,Caz Boost,80,91,96,99
939,Ives Timmons,64,47,81,2
940,Dniren Bontein,70,93,63,58
941,Bernhard Dockery,91,89,40,17
942,Kimberly Zouch,31,84,27,61
943,Natasha Alcorn,62,13,78,20
944,Netty Shorte,5,100,31,47
945,Adriana Dawbury,78,65,58,78
946,Arne Sorrie,100,65,77,47
947,Abey Cowoppe,92,33,27,92
948,Malinda MacDonell,38,25,9,26
949,Corilla Wilford,3,42,84,90
950,Bo Hesse,25,14,8,17
951,Cooper Noller,22,1,42,90
952,Donella Cheley,42,48,34,56
953,Jaime Densun,68,56,88,54
954,Ursa Kerton,88,12,48,2
955,Stevie McNeely,21,25,91,38
956,Laverna Whitewood,87,28,42,86
957,Roxanne Stonard,87,68,96,56
958,Red Judd,28,5,35,100
959,Ad Dearth,82,31,52,2
960,Florance Giacomo,30,64,11,79
961,Abe Pollard,46,82,23,92
962,Rutger Casewell,11,77,12,73
963,Tedmund Sigg,18,48,87,21
964,Erhart Strodder,96,1,80,75
965,Percival Boylan,54,19,1,82
966,Perrine Drexel,76,63,14,83
967,Meghann Kleisle,56,81,23,95
968,Lishe Nolton,64,71,25,23
969,Douglass Whitsey,71,31,36,59
970,Felipe McGifford,54,88,37,46
971,Keefer Hatterslay,76,11,67,92
972,Wain Cockrill,11,15,19,56
973,Eberhard Ramble,58,19,30,58
974,Cale Roller,96,28,85,49
975,Aloysius McGoldrick,86,91,39,23
976,Fayina Glasscoe,15,89,68,43
977,Gabrielle Stook,13,36,83,96
978,Roslyn Gorvette,0,57,74,11
979,Andrea Barcke,83,6,79,47
980,Silva Buglass,55,15,26,37
981,Edmon Gwilliam,11,93,80,25
982,Esme Koppeck,12,54,83,85
983,Lucretia Pipe,63,52,66,66
984,Felicity Sevitt,65,14,55,8
985,Rickert Jindracek,69,36,70,45
986,Jobie Berr,7,15,43,1
987,Meryl Bocock,91,39,69,43
988,Niki Muehler,93,20,38,80
989,Elfie Norledge,30,46,98,76
990,Farlie Tunnadine,48,79,2,2
991,Dorothea Oxenbury,70,50,66,86
992,Jesse Lamke,26,11,32,45
993,Melodie Pozer,17,72,69,91
994,Kiah Sandys,25,10,29,34
995,Mill Blonden,79,67,51,65
996,Guido Suggate,74,11,3,60
997,Seka Ankrett,33,55,59,81
998,Dorri Morphet,4,8,5,67
999,Omar Gilardoni,39,23,77,15
1000,Adan Vanyashin,45,76,50,67
